Timestamp,"Êtes-vous ?
أنت؟","Votre âge ?
كم عمرك؟","Ville de résidence ?
مدينة الإقامة ؟","Region de résidence ?
جهة الإقامة ؟","Quelle est votre classe socioprofessionnelle ?
ما هو فصلك الاجتماعي والمهني ؟","Situation financière ?
الحالة الاقتصادية؟","À quelle fréquence faites-vous des achats en ligne ?
كم مرة تتسوق عبر الإنترنت ؟","Quels types de produits achetez-vous généralement en ligne ?
ما هي أنواع المنتجات التي تشتريها عادةً عبر الإنترنت ؟","Comment payez-vous généralement vos achats en ligne ?
كيف تدفع عادةً مقابل المشتريات عبر الإنترنت ؟","Avez-vous déjà eu une expérience négative lors d'un achat en ligne ?
هل مررت بتجربة سلبية عند التسوق عبر الإنترنت ؟","Si oui, veuillez expliquer 
إذا كان الجواب نعم، يرجى توضيح ذلك","Comment découvrez-vous habituellement les nouveaux sites d'achat en ligne ou les nouveaux produits ?
كيف تكتشف عادةً مواقع أو منتجات التسوق الجديدة عبر الإنترنت ؟","Comparez-vous les prix sur différents sites web avant de faire un achat ?
هل تقارن الأسعار على مواقع الويب المختلفة قبل الشراء ؟","Quelle importance accordez-vous à des facteurs tels que la livraison gratuite, les retours faciles et un bon service clientèle lorsque vous faites des achats en ligne ?
ما مدى أهمية عوامل مثل التوصيل المجاني والعائدات السهلة وخدمة العملاء الجيدة لك عند التسوق عبر الإنترنت ؟","Que pensez-vous de la sécurité des achats en ligne ?
ما هو شعورك حيال أمن التسوق عبر الإنترنت ؟","Prenez-vous des précautions pour protéger vos informations personnelles ?
هل تتخذ أي احتياطات لحماية معلوماتك الشخصية ؟","Si oui, quelles sont les précautions que vous prenez pour protéger vos informations personnelles ?
إذا كان الجواب نعم، ما هي الاحتياطات التي تتخذها لحماية معلوماتك الشخصية ؟","Recommanderiez-vous les achats en ligne à un ami ou à un membre de votre famille ?
هل توصي بالتسوق عبر الإنترنت لصديق أو أحد أفراد العائلة ؟","Comment les achats en ligne se comparent-ils aux achats dans les magasins traditionnels en termes d'expérience d'achat globale pour vous ?
بالنسبة لك كيف يقارن التسوق عبر الإنترنت بالتسوق في المتاجر التقليدية من حيث تجربة التسوق الشاملة  ؟","Pensez-vous que les achats en ligne ont changé la façon dont vous faites vos achats dans les magasins traditionnels ?
هل تعتقد أن التسوق عبر الإنترنت قد غير طريقة تسوقك في المتاجر التقليدية ؟","Êtes-vous satisfait des services d'achat en ligne fournis par les vendeurs marocains par rapport aux vendeurs internationaux ?
هل أنت راضٍ عن خدمات التسوق عبر الإنترنت التي يقدمها البائعون المغاربة مقارنة بالبائعين الدوليين ؟","Comment la pandémie de COVID-19 a-t-elle affecté vos habitudes d'achat en ligne ?
كيف أثرت جائحة كورونا على عاداتك في التسوق عبر الإنترنت ؟","Êtes-vous au courant des nouvelles règles douanières pour les achats en ligne au Maroc ? (DDP)
هل أنت على علم بالقواعد الجمركية الجديدة للتسوق عبر الإنترنت في المغرب ؟"
2023/01/18 2:44:21 am GMT,Homme,22,Errachidia,Drâa-Tafilalet,Etudiant(e),Moyenne,Occasionnellement,Électronique,Carte bancaire,Oui,Livraison très lente et frais supplémentaires.,Moteurs de recherche,Toujours,Très important,Je me sens plutôt en sécurité,Oui,Chercher si le site web ou la plateforme est sécurisé et de confiance,Très probable,Les deux sont à peu près équivalents,Oui,Non,Diminué,Oui
2023/01/18 11:59:14 am GMT,Homme,24,Tinghir ,Drâa-Tafilalet,Etudiant(e),Bonne,Rarement,Vêtements et accessoires;Électronique,Cash on Delivery (COD),Oui,Longtemps pour recevoir ma demande ,Publicité en ligne,Toujours,Très important,Je me sens plutôt en sécurité,Non,,Assez peu probable,Les deux sont à peu près équivalents,Oui,Non,Pas de changement,Oui
2023/01/18 12:01:22 pm GMT,Homme,26,Errachidia ,Drâa-Tafilalet,Etudiant(e),Très faible,Occasionnellement,Vêtements et accessoires;Électronique,PayPal,Non,,Les réseaux sociaux,Toujours,Très important,Je me sens très en sécurité,Non,,Très probable,Les achats en ligne sont bien meilleurs,Oui,Non,Augmenté,Oui
2023/01/18 12:23:45 pm GMT,Femme,21,Tinghir ,Drâa-Tafilalet,Etudiant(e),Moyenne,Rarement,Vêtements et accessoires;Produits de beauté et de soins personnels,Carte bancaire,Non,,Les réseaux sociaux,Rarement,Très important,Je me sens plutôt en sécurité,Non,,Plus ou moins probable,Les achats dans les magasins traditionnels sont légèrement meilleurs,Non,Oui,Pas de changement,Non
2023/01/18 12:25:47 pm GMT,Femme,22,Rabat,Rabat-Salé-Kénitra,Etudiant(e),Moyenne,Rarement,Vêtements et accessoires;Électronique;Produits de beauté et de soins personnels,Carte bancaire,Non,,Les réseaux sociaux,Parfois,Très important,Je me sens plutôt en sécurité,Non,,Plus ou moins probable,Les deux sont à peu près équivalents,Non,Non,Pas de changement,Non
2023/01/18 12:41:57 pm GMT,Femme,21,Errachidia,Drâa-Tafilalet,Etudiant(e),Moyenne,Rarement,Vêtements et accessoires,Virement bancaire (application bancaire),Non,,Moteurs de recherche,Jamais,Très important,Je me sens plutôt en sécurité,Non,,Plus ou moins probable,Les achats dans les magasins traditionnels sont légèrement meilleurs,Non,Oui,Pas de changement,Oui
2023/01/18 12:59:13 pm GMT,Homme,23,casablanca,Casablanca-Settat,Etudiant(e),Bonne,Jamais,J'amais,sans,Non,,Sans,Jamais,Pas du tout important,Je ne me sens pas en sécurité,Oui,,Neutre,Les achats dans les magasins traditionnels sont bien meilleurs,Non,Non,Augmenté,Non
2023/01/18 1:12:07 pm GMT,Femme,21,Rabat,Rabat-Salé-Kénitra,Etudiant(e),Moyenne,Occasionnellement,Vêtements et accessoires,Carte bancaire,Non,,Les réseaux sociaux,Jamais,Très important,Je me sens plutôt en sécurité,Non,,Plus ou moins probable,Les achats dans les magasins traditionnels sont légèrement meilleurs,Non,Non,Pas de changement,Non
2023/01/18 1:31:25 pm GMT,Homme,22,Tinghir,Drâa-Tafilalet,Etudiant(e),Moyenne,Occasionnellement,Vêtements et accessoires;Électronique,PayPal,Non,,Les réseaux sociaux,Parfois,Très important,Je me sens très en sécurité,Non,,Neutre,Les achats en ligne sont bien meilleurs,Oui,Non,Augmenté,Non
2023/01/18 1:48:41 pm GMT,Homme,28,Arfoud,Drâa-Tafilalet,Etudiant(e),Moyenne,Rarement,Vêtements et accessoires;Électronique,Virement bancaire (application bancaire),Non,,Les réseaux sociaux,Toujours,Très important,Je me sens très en sécurité,Oui,,Très probable,Les achats en ligne sont bien meilleurs,Oui,Oui,Pas de changement,Oui
2023/01/18 1:49:33 pm GMT,Homme,21 ans ,Errachidia,Drâa-Tafilalet,Etudiant(e),Très faible,Rarement,Électronique,Cash on Delivery (COD),Non,,Les réseaux sociaux,Toujours,Très important,Je ne me sens pas en sécurité,Non,,Très peu probable,Les deux sont à peu près équivalents,Non,Non,Diminué,Oui
2023/01/18 1:51:47 pm GMT,Homme,20,Ouarzazate ,Drâa-Tafilalet,Etudiant(e),Faible,Rarement,Vêtements et accessoires,Cash on Delivery (COD),Non,,Les réseaux sociaux,Toujours,Très important,Je me sens très en sécurité,Non,,Neutre,Les achats dans les magasins traditionnels sont légèrement meilleurs,Oui,Non,Diminué,Non
2023/01/18 1:52:12 pm GMT,Homme,25,Kelaa mgouna ,Drâa-Tafilalet,Employé(e),Moyenne,Fréquemment,Électronique;Livres et médias,PayPal,Non,,Les réseaux sociaux,Rarement,Très important,Je me sens très en sécurité,Non,,Assez peu probable,Les deux sont à peu près équivalents,Non,Non,Augmenté,Non
2023/01/18 1:55:03 pm GMT,Femme,20,Errachidia ,Drâa-Tafilalet,Etudiant(e),Moyenne,Rarement,Vêtements et accessoires,Virement bancaire (application bancaire),Non,,Les réseaux sociaux,Jamais,Assez important,Je me sens plutôt en sécurité,Non,,Neutre,Les deux sont à peu près équivalents,Non,Non,Pas de changement,Oui
2023/01/18 1:55:10 pm GMT,Femme,20,Inezgane ,Souss-Massa,Etudiant(e),Bonne,Très souvent,Électronique,Carte bancaire,Non,,Les réseaux sociaux,Rarement,Très important,Je me sens plutôt en sécurité,Non,,Très peu probable,Les achats dans les magasins traditionnels sont légèrement meilleurs,Oui,Non,Pas de changement,Non
2023/01/18 1:56:04 pm GMT,Homme,23 ans,errachidia,Drâa-Tafilalet,Etudiant(e),Moyenne,Occasionnellement,Électronique,Cash on Delivery (COD),Non,,Les réseaux sociaux,Parfois,Assez important,Je me sens plutôt en sécurité,Non,,Plus ou moins probable,Les achats en ligne sont légèrement meilleurs,Oui,Non,Pas de changement,Non
2023/01/18 1:59:38 pm GMT,Homme,28,Errachidia ,Drâa-Tafilalet,Etudiant(e),Faible,Occasionnellement,Vêtements et accessoires;Électronique,Cash on Delivery (COD),Non,,Les réseaux sociaux,Toujours,Très important,Je me sens plutôt en sécurité,Non,,Neutre,Les achats dans les magasins traditionnels sont bien meilleurs,Non,Non,Pas de changement,Oui
2023/01/18 2:00:43 pm GMT,Homme,25,Errachidia,Drâa-Tafilalet,Demandeur d'emplois,Moyenne,Jamais,Jamais,Jamais,Non,,Les réseaux sociaux,Jamais,Pas du tout important,Je me sens plutôt en sécurité,Non,,Très peu probable,Les achats en ligne sont bien meilleurs,Non,Non,Augmenté,Non
2023/01/18 2:01:49 pm GMT,Femme,22,Rissani,Drâa-Tafilalet,Employé(e),Moyenne,Rarement,Vêtements et accessoires;Livres et médias;Produits de beauté et de soins personnels,Virement bancaire (application bancaire),Oui,جودة الكتب كانت سيئة,Les réseaux sociaux,Parfois,Très important,Je me sens plutôt en sécurité,Non,,Neutre,Les achats dans les magasins traditionnels sont légèrement meilleurs,Non,Non,Augmenté,Oui
2023/01/18 2:06:30 pm GMT,Homme,25,Tinghir ,Drâa-Tafilalet,Etudiant(e),Faible,Rarement,Électronique,PayPal,Non,,Les réseaux sociaux,Toujours,Assez important,Je me sens plutôt en sécurité,Non,,Neutre,Les achats dans les magasins traditionnels sont légèrement meilleurs,Oui,Non,Augmenté,Oui
2023/01/18 2:13:17 pm GMT,Femme,22,تازة,Fès-Meknès,Etudiant(e),Moyenne,Jamais,Produits de beauté et de soins personnels,Carte bancaire,Non,,Publicité en ligne,Jamais,Très important,Je me sens très en sécurité,Non,,Très probable,Les achats en ligne sont légèrement meilleurs,Oui,Oui,Pas de changement,Non
2023/01/18 2:13:30 pm GMT,Femme,22ans,Casablanca ,Casablanca-Settat,Etudiant(e),Faible,Occasionnellement,Vêtements et accessoires,Cash on Delivery (COD),Non,,Les réseaux sociaux,Parfois,Assez important,Je ne me sens pas en sécurité,Non,,Neutre,Les deux sont à peu près équivalents,Oui,Oui,Augmenté,Non
2023/01/18 2:24:36 pm GMT,Femme,22,Errachidia ,Drâa-Tafilalet,Etudiant(e),Moyenne,Jamais,Vêtements et accessoires;Articles de maison et meubles,Carte bancaire,Non,,Publicité en ligne,Parfois,Très important,Je me sens très en sécurité,Non,,Très probable,Les achats en ligne sont bien meilleurs,Non,Oui,Pas de changement,Non
2023/01/18 2:29:07 pm GMT,Homme,17,casablanca ,Casablanca-Settat,Etudiant(e),Moyenne,Rarement,Électronique,Cash on Delivery (COD),Non,,Publicité en ligne,Parfois,Très important,Je me sens plutôt en sécurité,Non,,Neutre,Les achats dans les magasins traditionnels sont légèrement meilleurs,Non,Oui,Pas de changement,Non
2023/01/18 2:30:00 pm GMT,Femme,22ans,Errachidia,Drâa-Tafilalet,Etudiant(e),Moyenne,Rarement,Vêtements et accessoires,Cash on Delivery (COD),Non,,Publicité en ligne,Parfois,Très important,Je me sens très en sécurité,Oui,,Très probable,Les achats en ligne sont bien meilleurs,Oui,Non,Diminué,Non
2023/01/18 2:41:20 pm GMT,Femme,30,Tanger,Tanger-Tetouan-Al Hoceima,Employé(e),Bonne,Très souvent,Vêtements et accessoires;Électronique;Articles de maison et meubles;Livres et médias;Produits de beauté et de soins personnels;Produits alimentaires et d'épicerie,Virement bancaire (application bancaire),Non,,Moteurs de recherche,Toujours,Assez important,Je me sens très en sécurité,Non,,Très probable,Les achats en ligne sont bien meilleurs,Oui,Non,Augmenté,Oui
2023/01/18 2:49:48 pm GMT,Homme,23,khouribga,Marrakesh-Safi,Etudiant(e),Bonne,Rarement,Électronique,Virement bancaire (application bancaire),Non,,Les réseaux sociaux,Toujours,Très important,Je me sens plutôt en sécurité,Non,,Très probable,Les achats en ligne sont bien meilleurs,Oui,Oui,Augmenté,Oui
2023/01/18 2:59:51 pm GMT,Homme,20,Tanger,Tanger-Tetouan-Al Hoceima,Demandeur d'emplois,Faible,Rarement,Livres et médias,Cash on Delivery (COD),Non,,Les réseaux sociaux,Jamais,Très important,Je ne me sens pas en sécurité,Non,,Très peu probable,Les achats dans les magasins traditionnels sont bien meilleurs,Non,Non,Pas de changement,Non
2023/01/18 3:39:04 pm GMT,Homme,21,KALAAT MGOUNA ,Drâa-Tafilalet,Etudiant(e),Faible,Rarement,Électronique,Virement bancaire (application bancaire),Oui,Une retard de livraison ,Les réseaux sociaux,Toujours,Très important,Je me sens plutôt en sécurité,Non,,Plus ou moins probable,Les achats dans les magasins traditionnels sont bien meilleurs,Non,Oui,Pas de changement,Oui
2023/01/18 3:51:43 pm GMT,Homme,21,Zagorq,Drâa-Tafilalet,Etudiant(e),Moyenne,Rarement,Vêtements et accessoires,Cash on Delivery (COD),Non,,Les réseaux sociaux,Jamais,Assez important,Je me sens très en sécurité,Non,,Neutre,Les achats dans les magasins traditionnels sont légèrement meilleurs,Non,Oui,Pas de changement,Non
2023/01/18 4:02:31 pm GMT,Homme,24,Casablanca,Casablanca-Settat,Cadre,Très bonne,Occasionnellement,Électronique;Articles de maison et meubles;Produits alimentaires et d'épicerie,Carte bancaire,Non,,Le bouche à oreille,Toujours,Très important,Je ne me sens pas en sécurité,Oui,,Neutre,Les achats en ligne sont légèrement meilleurs,Oui,Oui,Pas de changement,Non
2023/01/18 4:10:55 pm GMT,Homme,23,Tazarine,Drâa-Tafilalet,Etudiant(e),Moyenne,Occasionnellement,Vêtements et accessoires;Électronique;Produits de beauté et de soins personnels,Cash on Delivery (COD),Non,,Les réseaux sociaux,Toujours,Très important,Je ne me sens pas en sécurité,Oui,je ne donne pas mon CNI par exemple,Assez peu probable,Les achats en ligne sont bien meilleurs,Oui,Oui,Pas de changement,Oui
2023/01/18 4:16:10 pm GMT,Homme,18,Agadir,Souss-Massa,Etudiant(e),Faible,Jamais,Livres et médias,Cash on Delivery (COD),Non,,Les réseaux sociaux,Toujours,Très important,Je me sens très en sécurité,Non,,Très probable,Les achats en ligne sont légèrement meilleurs,Oui,Oui,Diminué,Oui
2023/01/18 4:19:10 pm GMT,Femme,22,erfoud,Drâa-Tafilalet,Etudiant(e),Moyenne,Rarement,Électronique;Livres et médias;Produits alimentaires et d'épicerie,Carte bancaire,Non,,Les réseaux sociaux,Toujours,Très important,Je me sens très en sécurité,Non,,Plus ou moins probable,Les achats en ligne sont bien meilleurs,Oui,Oui,Pas de changement,Oui
2023/01/18 4:59:01 pm GMT,Homme,21,ERRACHIDIA,Drâa-Tafilalet,Etudiant(e),Très faible,Rarement,Vêtements et accessoires,Carte bancaire,Non,,Les réseaux sociaux,Toujours,Très important,Je me sens plutôt en sécurité,Non,,Très probable,Les achats en ligne sont bien meilleurs,Oui,Oui,Pas de changement,Non
2023/01/18 5:08:15 pm GMT,Femme,22,Errachidia,Drâa-Tafilalet,Etudiant(e),Moyenne,Rarement,Vêtements et accessoires,Carte bancaire,Non,,Les réseaux sociaux,Parfois,Très important,Je me sens plutôt en sécurité,Non,,Assez peu probable,Les achats dans les magasins traditionnels sont bien meilleurs,Non,Non,Pas de changement,Non
2023/01/18 6:02:02 pm GMT,Homme,19,Errachidia ,Drâa-Tafilalet,Etudiant(e),Moyenne,Rarement,Électronique,Virement bancaire (application bancaire),Non,,Les réseaux sociaux,Jamais,Très important,Je me sens très en sécurité,Oui,"Lire attentivement et comprendre avant de cliquer sur un bouton, en plus, J'évite le maximum possible d'afficher mes informations personnelles. ",Plus ou moins probable,Les achats dans les magasins traditionnels sont légèrement meilleurs,Oui,Non,Pas de changement,Non
2023/01/18 6:11:46 pm GMT,Homme,26,Tinghir ,Drâa-Tafilalet,Professeur,Bonne,Rarement,Livres et médias,Carte bancaire,Non,,Les réseaux sociaux,Parfois,Très important,Je me sens plutôt en sécurité,Oui,تقديم اميل  للتسويق فقط,Plus ou moins probable,Les achats en ligne sont légèrement meilleurs,Oui,Oui,Pas de changement,Non
2023/01/18 6:15:24 pm GMT,Homme,27,Tinghir,Drâa-Tafilalet,Employé(e),Moyenne,Rarement,Électronique,Carte bancaire,Non,,Les réseaux sociaux,Parfois,Assez important,Je me sens plutôt en sécurité,Oui,Je ne partage pas telle chose qui est sensible mais je partage quelque chose secondaires au lieu d'elle comme g.mail,Assez peu probable,Les deux sont à peu près équivalents,Non,Non,Pas de changement,Non
2023/01/18 6:33:44 pm GMT,Homme,27,Tinghir ,Drâa-Tafilalet,Cadre,Moyenne,Rarement,Vêtements et accessoires;Électronique,Cash on Delivery (COD),Oui,عدم توافق الجودة مع المنتوج,Publicité en ligne,Toujours,Assez important,Je ne me sens pas en sécurité,Oui,,Assez peu probable,Les achats dans les magasins traditionnels sont bien meilleurs,Non,Non,Pas de changement,Oui
2023/01/18 7:35:26 pm GMT,Homme,22,Meknès ,Fès-Meknès,Employé(e),Moyenne,Fréquemment,Électronique,Carte bancaire,Oui,مشاكل الديوانية مؤخرا,Les réseaux sociaux,Toujours,Très important,Je me sens plutôt en sécurité,Oui,Désactiver la dotation après chaque achat ,Plus ou moins probable,Les achats en ligne sont bien meilleurs,Oui,Non,Augmenté,Oui
2023/01/18 8:41:56 pm GMT,Femme,22,Errachidia,Drâa-Tafilalet,Etudiant(e),Faible,Rarement,Vêtements et accessoires,Cash on Delivery (COD),Non,,Les réseaux sociaux,Jamais,Très important,Je me sens plutôt en sécurité,Non,,Plus ou moins probable,Les achats en ligne sont légèrement meilleurs,Oui,Non,Pas de changement,Non
2023/01/18 9:00:02 pm GMT,Homme,23 ans,Tinghir,Drâa-Tafilalet,Etudiant(e),Très faible,Rarement,Vêtements et accessoires,Cash on Delivery (COD),Non,,Les réseaux sociaux,Toujours,Très important,Je me sens très en sécurité,Oui,Éviter d'utiliser les comptes sociaux officiels ,Très peu probable,Les achats dans les magasins traditionnels sont bien meilleurs,Oui,Non,Diminué,Oui
2023/01/18 9:08:10 pm GMT,Femme,22,Goulmima,Drâa-Tafilalet,Etudiant(e),Moyenne,Rarement,Vêtements et accessoires,Cash on Delivery (COD),Non,,Les réseaux sociaux,Toujours,Très important,Je me sens plutôt en sécurité,Non,,Neutre,Les achats en ligne sont légèrement meilleurs,Oui,Oui,Pas de changement,Oui
2023/01/18 9:08:10 pm GMT,Homme,24,errachidia,Drâa-Tafilalet,Etudiant(e),Moyenne,Occasionnellement,Vêtements et accessoires,Cash on Delivery (COD),Non,,Les réseaux sociaux,Parfois,Très important,Je me sens très en sécurité,Non,,Neutre,Les achats en ligne sont légèrement meilleurs,Oui,Non,Pas de changement,Oui
2023/01/19 11:17:33 am GMT,Femme,21,Errachidia ,Drâa-Tafilalet,Etudiant(e),Moyenne,Rarement,Vêtements et accessoires,Virement bancaire (application bancaire),Non,,Publicité en ligne,Toujours,Très important,Je me sens plutôt en sécurité,Non,,Neutre,Les achats en ligne sont légèrement meilleurs,Oui,Non,Pas de changement,Oui
2023/01/19 1:20:37 pm GMT,Homme,22,مراكش,Marrakesh-Safi,Employé(e),Faible,Rarement,Électronique;Articles de maison et meubles,Carte bancaire,Non,,Les réseaux sociaux,Toujours,Pas très important,Je me sens plutôt en sécurité,Non,,Neutre,Les achats dans les magasins traditionnels sont légèrement meilleurs,Non,Oui,Pas de changement,Oui
2023/01/20 5:31:51 pm GMT,Homme,23,Errachidia,Drâa-Tafilalet,Etudiant(e),Moyenne,Rarement,Électronique,PayPal,Non,,Les réseaux sociaux,Toujours,Très important,Je me sens plutôt en sécurité,Oui,Un mode pass très fort et une vitrification avec un num ou un email ,Plus ou moins probable,Les achats en ligne sont bien meilleurs,Non,Non,Augmenté,Oui
2023/01/21 7:46:14 am GMT,Homme,29,Erfoud,Drâa-Tafilalet,Employé(e),Très faible,Très souvent,Vêtements et accessoires;Électronique;Livres et médias,Carte bancaire,Non,,Moteurs de recherche,Toujours,Très important,Je me sens plutôt en sécurité,Non,,Neutre,Les achats en ligne sont légèrement meilleurs,Non,Non,Pas de changement,Non
2023/01/21 8:49:06 am GMT,Femme,36,Errachidia ,Drâa-Tafilalet,Etudiant(e),Moyenne,Occasionnellement,Vêtements et accessoires;Électronique;Articles de maison et meubles;Produits de beauté et de soins personnels,Carte bancaire,Non,,Les réseaux sociaux,Parfois,Pas très important,Je ne me sens pas en sécurité,Oui,,Neutre,Les deux sont à peu près équivalents,Non,Non,Diminué,Oui
2023/01/21 1:46:36 pm GMT,Homme,28,Tinghir ,Drâa-Tafilalet,Employé(e),Moyenne,Jamais,Vêtements et accessoires,Cash on Delivery (COD),Non,,Les réseaux sociaux,Jamais,Pas très important,Je ne me sens pas en sécurité,Non,,Neutre,Les achats dans les magasins traditionnels sont légèrement meilleurs,Non,Non,Diminué,Non
2023/01/22 2:12:36 pm GMT,Femme,23,Témara,Rabat-Salé-Kénitra,Etudiant(e),Moyenne,Rarement,Vêtements et accessoires;Électronique,Carte bancaire,Oui,La qualité de produits ce n’est pas comme vous avez vu au annonce ,Les réseaux sociaux,Parfois,Très important,Je me sens très en sécurité,Non,,Assez peu probable,Les achats en ligne sont légèrement meilleurs,Non,Non,Augmenté,Oui
2023/01/22 3:33:07 pm GMT,Femme,21,Temara ,Rabat-Salé-Kénitra,Etudiant(e),Moyenne,Occasionnellement,Vêtements et accessoires;Articles de maison et meubles;Produits de beauté et de soins personnels,Carte bancaire,Non,,Les réseaux sociaux,Parfois,Très important,Je me sens plutôt en sécurité,Non,,Neutre,Les achats dans les magasins traditionnels sont légèrement meilleurs,Oui,Non,Augmenté,Oui
2023/01/23 10:58:18 am GMT,Femme,23,Martil,Tanger-Tetouan-Al Hoceima,Etudiant(e),Moyenne,Très souvent,Produits de beauté et de soins personnels,Cash on Delivery (COD),Non,,Publicité en ligne,Rarement,Très important,Je me sens très en sécurité,Non,,Neutre,Les deux sont à peu près équivalents,Oui,Oui,Augmenté,Non
2023/01/27 2:06:28 pm GMT,Femme,40,Fes,Fès-Meknès,Employé(e),Moyenne,Très souvent,Vêtements et accessoires;Électronique;Articles de maison et meubles;Produits de beauté et de soins personnels,Carte bancaire,Non,,Les réseaux sociaux,Toujours,Très important,Je me sens très en sécurité,Non,,Plus ou moins probable,Les achats en ligne sont légèrement meilleurs,Oui,Oui,Augmenté,Oui
2023/01/27 9:08:35 pm GMT,Homme,22,rabat,Rabat-Salé-Kénitra,Etudiant(e),Moyenne,Occasionnellement,Électronique,Carte bancaire,Non,,Les réseaux sociaux,Parfois,Très important,Je me sens très en sécurité,Non,,Neutre,Les achats en ligne sont légèrement meilleurs,Oui,Oui,Pas de changement,Oui
2023/01/27 10:15:07 pm GMT,Homme,30,Marrakech,Marrakesh-Safi,Cadre,Très bonne,Très souvent,Vêtements et accessoires;Électronique;Articles de maison et meubles;Livres et médias;Produits de beauté et de soins personnels;Produits alimentaires et d'épicerie,Carte bancaire,Non,,Les réseaux sociaux,Parfois,Très important,Je me sens très en sécurité,Non,,Très probable,Les achats en ligne sont bien meilleurs,Oui,Oui,Augmenté,Oui
2023/01/27 10:21:24 pm GMT,Homme,30,Marrakech,Marrakesh-Safi,Cadre,Très bonne,Très souvent,Vêtements et accessoires;Électronique;Articles de maison et meubles;Livres et médias;Produits de beauté et de soins personnels;Produits alimentaires et d'épicerie,Carte bancaire,Non,,Les réseaux sociaux,Parfois,Très important,Je me sens très en sécurité,Non,,Très probable,Les achats en ligne sont bien meilleurs,Oui,Oui,Augmenté,Oui
2023/01/27 10:21:54 pm GMT,Homme,30,Marrakech,Marrakesh-Safi,Cadre,Très bonne,Très souvent,Vêtements et accessoires;Électronique;Articles de maison et meubles;Livres et médias;Produits de beauté et de soins personnels;Produits alimentaires et d'épicerie,Carte bancaire,Non,,Les réseaux sociaux,Parfois,Très important,Je me sens très en sécurité,Non,,Très probable,Les achats en ligne sont bien meilleurs,Oui,Oui,Augmenté,Oui
2023/01/28 8:01:39 am GMT,Homme,26,Safi,Marrakesh-Safi,Employé(e),Moyenne,Occasionnellement,Électronique,Carte bancaire,Non,,Les réseaux sociaux,Toujours,Très important,Je me sens très en sécurité,Non,,Neutre,Les deux sont à peu près équivalents,Non,Oui,Pas de changement,Non
2023/01/28 8:03:53 am GMT,Femme,60,Rabat,Rabat-Salé-Kénitra,Retraité(e),Très bonne,Très souvent,Vêtements et accessoires;Électronique;Articles de maison et meubles;Livres et médias;Produits de beauté et de soins personnels;Produits alimentaires et d'épicerie,Virement bancaire (application bancaire),Non,,Moteurs de recherche,Toujours,Très important,Je me sens très en sécurité,Non,,Très probable,Les achats en ligne sont bien meilleurs,Oui,Oui,Augmenté,Oui
2023/01/28 8:05:34 am GMT,Femme,28,Tanger,Tanger-Tetouan-Al Hoceima,Employé(e),Bonne,Fréquemment,Vêtements et accessoires;Produits de beauté et de soins personnels,PayPal,Non,,Les réseaux sociaux,Toujours,Très important,Je me sens très en sécurité,Non,,Plus ou moins probable,Les achats en ligne sont légèrement meilleurs,Oui,Oui,Augmenté,Oui
2023/01/28 8:07:55 am GMT,Homme,35,Tetouan,Tanger-Tetouan-Al Hoceima,Cadre,Très bonne,Très souvent,Vêtements et accessoires;Électronique;Articles de maison et meubles;Livres et médias,Virement bancaire (application bancaire),Non,,Moteurs de recherche,Toujours,Très important,Je me sens très en sécurité,Non,,Très probable,Les achats en ligne sont bien meilleurs,Oui,Oui,Augmenté,Oui
2023/01/28 8:10:32 am GMT,Femme,15,Fes,Fès-Meknès,Etudiant(e),Moyenne,Rarement,Électronique,Cash on Delivery (COD),Non,,Les réseaux sociaux,Rarement,Très important,Je me sens plutôt en sécurité,Non,,Neutre,Les deux sont à peu près équivalents,Non,Oui,Pas de changement,Non
2023/01/28 8:12:32 am GMT,Homme,16,Zagore,Drâa-Tafilalet,Etudiant(e),Moyenne,Rarement,Électronique,Cash on Delivery (COD),Non,,Les réseaux sociaux,Rarement,Très important,Je me sens très en sécurité,Non,,Neutre,Les deux sont à peu près équivalents,Non,Oui,Pas de changement,Non
2023/01/28 8:14:07 am GMT,Femme,14,Agadir,Souss-Massa,Etudiant(e),Bonne,Rarement,Électronique,Cash on Delivery (COD),Non,,Les réseaux sociaux,Toujours,Très important,Je me sens plutôt en sécurité,Non,,Neutre,Les deux sont à peu près équivalents,Non,Oui,Pas de changement,Non
2023/01/28 8:15:35 am GMT,Homme,17,Tanger,Tanger-Tetouan-Al Hoceima,Etudiant(e),Très bonne,Rarement,Électronique,Cash on Delivery (COD),Non,,Les réseaux sociaux,Toujours,Très important,Je me sens plutôt en sécurité,Non,,Neutre,Les achats en ligne sont légèrement meilleurs,Non,Oui,Pas de changement,Non
2023/01/28 8:17:07 am GMT,Homme,30,Tetouan,Tanger-Tetouan-Al Hoceima,Employé(e),Bonne,Fréquemment,Vêtements et accessoires;Électronique,Carte bancaire,Non,,Les réseaux sociaux,Toujours,Très important,Je me sens très en sécurité,Non,,Très probable,Les achats en ligne sont légèrement meilleurs,Oui,Oui,Augmenté,Oui
2023/01/28 8:18:40 am GMT,Homme,27,Tanger,Tanger-Tetouan-Al Hoceima,Employé(e),Bonne,Fréquemment,Vêtements et accessoires;Électronique,Carte bancaire,Non,,Les réseaux sociaux,Toujours,Très important,Je me sens très en sécurité,Non,,Très probable,Les achats en ligne sont légèrement meilleurs,Oui,Oui,Augmenté,Non
2023/01/28 8:21:20 am GMT,Femme,33,Tanger,Tanger-Tetouan-Al Hoceima,Cadre,Très bonne,Très souvent,Vêtements et accessoires;Électronique;Produits de beauté et de soins personnels,Carte bancaire,Non,,Moteurs de recherche,Toujours,Très important,Je me sens très en sécurité,Non,,Très probable,Les achats en ligne sont bien meilleurs,Oui,Oui,Augmenté,Oui
2023/01/28 8:23:00 am GMT,Femme,38,Meknes,Fès-Meknès,Cadre,Très bonne,Très souvent,Vêtements et accessoires;Électronique;Articles de maison et meubles;Produits de beauté et de soins personnels,Virement bancaire (application bancaire),Non,,Les réseaux sociaux,Toujours,Très important,Je me sens très en sécurité,Non,,Très probable,Les achats en ligne sont bien meilleurs,Non,Oui,Augmenté,Oui
2023/01/28 8:24:55 am GMT,Homme,35,Fes,Fès-Meknès,Employé(e),Bonne,Fréquemment,Vêtements et accessoires;Électronique,Carte bancaire,Non,,Les réseaux sociaux,Toujours,Très important,Je me sens très en sécurité,Non,,Très probable,Les achats en ligne sont bien meilleurs,Oui,Oui,Augmenté,Oui
2023/01/28 8:52:07 am GMT,Homme,23,Jorf,Drâa-Tafilalet,Etudiant(e),Faible,Rarement,Électronique,PayPal,Oui,تعرضت للنصب ,Publicité en ligne,Toujours,Très important,Je me sens plutôt en sécurité,Non,,Neutre,Les achats en ligne sont bien meilleurs,Oui,Non,Augmenté,Oui
2023/01/28 9:51:40 am GMT,Femme,18,Casablanca ,Casablanca-Settat,Etudiant(e),Bonne,Rarement,Vêtements et accessoires;Articles de maison et meubles,Carte bancaire,Non,,Les réseaux sociaux,Toujours,Très important,Je me sens très en sécurité,Non,,Plus ou moins probable,Les deux sont à peu près équivalents,Non,Oui,Pas de changement,Oui
2023/01/28 10:06:02 am GMT,Homme,23,tinghir,Drâa-Tafilalet,Etudiant(e),Moyenne,Rarement,Vêtements et accessoires;Livres et médias,Carte bancaire,Non,,Les réseaux sociaux,Parfois,Assez important,Je me sens plutôt en sécurité,Non,,Plus ou moins probable,Les deux sont à peu près équivalents,Non,Non,Pas de changement,Non
2023/01/28 10:11:04 am GMT,Femme,21ans,Rissani,Drâa-Tafilalet,Etudiant(e),Moyenne,Occasionnellement,Vêtements et accessoires;Livres et médias;Produits de beauté et de soins personnels,Carte bancaire,Non,,Les réseaux sociaux,Parfois,Très important,Je me sens très en sécurité,Oui,Toujours j'ai utilisée des sites web qui est connu par les gens et qui est confiance pour éviter la peur et tous les doutes ,Plus ou moins probable,Les deux sont à peu près équivalents,Oui,Oui,Pas de changement,Oui
2023/01/28 10:18:45 am GMT,Homme,18,Sidi ifni ,Guelmim-Oued Noun,Etudiant(e),Faible,Jamais,Livres et médias;Produits alimentaires et d'épicerie,Cash on Delivery (COD),Non,,Les réseaux sociaux,Jamais,Très important,Je me sens très en sécurité,Non,,Neutre,Les achats en ligne sont bien meilleurs,Oui,Oui,Diminué,Non
2023/01/28 12:12:01 pm GMT,Femme,20,Errachidia ,Drâa-Tafilalet,Etudiant(e),Moyenne,Rarement,Vêtements et accessoires;Produits de beauté et de soins personnels,Virement bancaire (application bancaire),Non,,Les réseaux sociaux,Parfois,Très important,Je me sens très en sécurité,Non,,Neutre,Les achats en ligne sont bien meilleurs,Oui,Oui,Pas de changement,Non
2023/01/28 12:32:18 pm GMT,Femme,20,Errachidia ,Drâa-Tafilalet,Etudiant(e),Faible,Occasionnellement,Vêtements et accessoires;Produits de beauté et de soins personnels,Cash on Delivery (COD),Non,,Les réseaux sociaux,Parfois,Très important,Je ne me sens pas en sécurité,Non,,Neutre,Les achats en ligne sont légèrement meilleurs,Oui,Oui,Pas de changement,Non
2023/01/28 1:07:43 pm GMT,Femme,24,Midelt,Drâa-Tafilalet,Etudiant(e),Moyenne,Occasionnellement,Vêtements et accessoires;Produits de beauté et de soins personnels,Carte bancaire,Non,,Les réseaux sociaux,Toujours,Très important,Je me sens plutôt en sécurité,Oui,,Plus ou moins probable,Les deux sont à peu près équivalents,Non,Oui,Pas de changement,Oui
2023/01/28 1:51:20 pm GMT,Homme,21,الداخلة,Dakhla-Oued Ed-Dahab,Etudiant(e),Faible,Jamais,لاشيء,معندي ,Non,,Publicité en ligne,Jamais,Pas du tout important,Je ne me sens pas en sécurité,Non,,Neutre,Les deux sont à peu près équivalents,Non,Non,Diminué,Non
2023/01/28 3:13:10 pm GMT,Femme,22ans,Tinghir,Drâa-Tafilalet,Etudiant(e),Bonne,Occasionnellement,Vêtements et accessoires;Articles de maison et meubles;Livres et médias;Produits de beauté et de soins personnels,Cash on Delivery (COD),Non,,Les réseaux sociaux,Parfois,Pas très important,Je me sens plutôt en sécurité,Non,,Assez peu probable,Les deux sont à peu près équivalents,Oui,Non,Pas de changement,Oui
2023/01/28 4:52:52 pm GMT,Femme,23 ans ,Meknès ,Fès-Meknès,Demandeur d'emplois,Faible,Rarement,Vêtements et accessoires,Carte bancaire,Non,,Les réseaux sociaux,Parfois,Très important,Je me sens très en sécurité,Non,,Neutre,Les deux sont à peu près équivalents,Non,Oui,Pas de changement,Non
2023/01/28 6:09:51 pm GMT,Homme,18,Agadir ,Souss-Massa,Etudiant(e),Très faible,Jamais,Électronique,Carte bancaire,Non,,Les réseaux sociaux,Parfois,Assez important,Je me sens plutôt en sécurité,Non,,Plus ou moins probable,Les achats en ligne sont légèrement meilleurs,Oui,Oui,Pas de changement,Non
2023/01/28 6:23:29 pm GMT,Homme,34,أرفود ,Drâa-Tafilalet,Employé(e),Moyenne,Rarement,Vêtements et accessoires,Carte bancaire,Non,,Les réseaux sociaux,Toujours,Très important,Je me sens très en sécurité,Non,,Neutre,Les deux sont à peu près équivalents,Non,Non,Augmenté,Oui
2023/01/28 10:02:13 pm GMT,Homme,29,Rabat ,Rabat-Salé-Kénitra,Cadre,Bonne,Occasionnellement,Vêtements et accessoires;Électronique;Articles de maison et meubles,Cash on Delivery (COD),Oui,"Les articles délivrés sont pas les mêmes, que ceux sur internet ",Publicité en ligne,Parfois,Assez important,Je ne me sens pas en sécurité,Non,,Neutre,Les achats dans les magasins traditionnels sont légèrement meilleurs,Non,Non,Pas de changement,Non
2023/01/28 11:27:14 pm GMT,Femme,25,Casa,Casablanca-Settat,Employé(e),Très bonne,Très souvent,Vêtements et accessoires,Carte bancaire,Non,,Les réseaux sociaux,Parfois,Assez important,Je me sens très en sécurité,Non,,Très probable,Les achats en ligne sont bien meilleurs,Oui,Oui,Pas de changement,Non
2023/01/28 11:31:05 pm GMT,Homme,28,Fes,Fès-Meknès,Employé(e),Très bonne,Rarement,Vêtements et accessoires,Virement bancaire (application bancaire),Oui,عدم التوصل بالمنتوج,Les réseaux sociaux,Toujours,Très important,Je me sens plutôt en sécurité,Oui,عدم وضع معلومات حول البطاقة البنكية ,Très peu probable,Les achats dans les magasins traditionnels sont bien meilleurs,Oui,Oui,Pas de changement,Oui
2023/01/29 12:04:11 am GMT,Homme,25,Safi,Marrakesh-Safi,Cadre,Moyenne,Occasionnellement,Vêtements et accessoires;Électronique;Livres et médias,Cash on Delivery (COD),Oui,,Les réseaux sociaux,Toujours,Très important,Je me sens plutôt en sécurité,Oui,,Très probable,Les achats en ligne sont bien meilleurs,Oui,Non,Augmenté,Oui
2023/01/29 12:58:58 am GMT,Femme,28,Agadir ,Souss-Massa,Etudiant(e),Moyenne,Jamais,Produits de beauté et de soins personnels,PayPal,Oui,"اشتريت منتج وتوصلت بمنتج اخر لا علاقة له بالدي طلبات
",Les réseaux sociaux,Toujours,Très important,Je ne me sens pas en sécurité,Non,,Neutre,Les achats en ligne sont légèrement meilleurs,Oui,Non,Pas de changement,Oui
2023/01/29 12:04:49 pm GMT,Homme,24,Azrou,Fès-Meknès,Employé(e),Moyenne,Occasionnellement,Électronique,Virement bancaire (application bancaire),Non,,Les réseaux sociaux,Toujours,Très important,Je me sens très en sécurité,Non,,Neutre,Les deux sont à peu près équivalents,Non,Oui,Pas de changement,Non
2023/01/29 12:06:17 pm GMT,Femme,28,Settat,Casablanca-Settat,Employé(e),Bonne,Fréquemment,Vêtements et accessoires;Électronique;Produits de beauté et de soins personnels,Virement bancaire (application bancaire),Non,,Les réseaux sociaux,Toujours,Très important,Je me sens très en sécurité,Non,,Plus ou moins probable,Les achats en ligne sont légèrement meilleurs,Oui,Oui,Augmenté,Non
2023/01/29 12:07:58 pm GMT,Homme,33,Agadir,Souss-Massa,Cadre,Bonne,Fréquemment,Vêtements et accessoires;Électronique;Articles de maison et meubles,Virement bancaire (application bancaire),Non,,Les réseaux sociaux,Toujours,Très important,Je me sens très en sécurité,Non,,Plus ou moins probable,Les achats en ligne sont légèrement meilleurs,Oui,Oui,Pas de changement,Non
2023/01/29 12:10:10 pm GMT,Femme,38,Rabat,Rabat-Salé-Kénitra,Employé(e),Bonne,Très souvent,Vêtements et accessoires;Électronique;Produits de beauté et de soins personnels,Carte bancaire,Non,,Les réseaux sociaux,Toujours,Très important,Je me sens très en sécurité,Non,,Très probable,Les achats en ligne sont légèrement meilleurs,Oui,Oui,Augmenté,Oui
2023/01/29 12:11:31 pm GMT,Femme,26,Kénitra,Rabat-Salé-Kénitra,Etudiant(e),Bonne,Fréquemment,Vêtements et accessoires;Électronique;Produits de beauté et de soins personnels,PayPal,Non,,Les réseaux sociaux,Toujours,Très important,Je me sens très en sécurité,Non,,Très probable,Les achats en ligne sont légèrement meilleurs,Oui,Oui,Augmenté,Oui
2023/01/29 12:13:42 pm GMT,Homme,29,Meknes,Fès-Meknès,Employé(e),Bonne,Fréquemment,Vêtements et accessoires;Électronique,Carte bancaire,Non,,Les réseaux sociaux,Toujours,Très important,Je me sens très en sécurité,Non,,Très probable,Les achats en ligne sont légèrement meilleurs,Oui,Oui,Augmenté,Non
2023/01/29 4:25:34 pm GMT,Homme,56,Meknes,Fès-Meknès,Retraité(e),Très bonne,Fréquemment,Vêtements et accessoires;Électronique;Articles de maison et meubles;Livres et médias;Produits alimentaires et d'épicerie,Carte bancaire,Non,,Les réseaux sociaux,Toujours,Très important,Je me sens très en sécurité,Non,,Très probable,Les achats en ligne sont bien meilleurs,Oui,Oui,Augmenté,Oui
2023/01/29 4:28:39 pm GMT,Femme,13,Marakech,Marrakesh-Safi,Etudiant(e),Très bonne,Rarement,Produits de beauté et de soins personnels,Cash on Delivery (COD),Non,,Les réseaux sociaux,Toujours,Très important,Je me sens très en sécurité,Non,,Neutre,Les deux sont à peu près équivalents,Non,Oui,Pas de changement,Non
2023/01/29 4:31:35 pm GMT,Femme,35,Rabat,Rabat-Salé-Kénitra,Cadre,Bonne,Très souvent,Vêtements et accessoires;Électronique;Produits de beauté et de soins personnels,Virement bancaire (application bancaire),Non,,Les réseaux sociaux,Toujours,Très important,Je me sens très en sécurité,Non,,Très probable,Les achats en ligne sont bien meilleurs,Oui,Oui,Augmenté,Oui
2023/01/29 6:53:38 pm GMT,Homme,25,Safi,Marrakesh-Safi,Employé(e),Moyenne,Fréquemment,Électronique,Virement bancaire (application bancaire),Non,,Les réseaux sociaux,Toujours,Très important,Je me sens très en sécurité,Non,,Plus ou moins probable,Les achats en ligne sont légèrement meilleurs,Oui,Oui,Augmenté,Non
2023/01/29 6:55:05 pm GMT,Femme,39,Guelmim,Guelmim-Oued Noun,Cadre,Très bonne,Très souvent,Vêtements et accessoires;Électronique;Produits de beauté et de soins personnels,Carte bancaire,Non,,Les réseaux sociaux,Toujours,Très important,Je me sens très en sécurité,Non,,Très probable,Les achats en ligne sont bien meilleurs,Oui,Oui,Augmenté,Non
2023/01/29 6:57:14 pm GMT,Femme,28,Béni Mellal,Béni Mellal-Khénifra,Employé(e),Bonne,Fréquemment,Vêtements et accessoires;Électronique,Virement bancaire (application bancaire),Non,,Les réseaux sociaux,Toujours,Très important,Je me sens très en sécurité,Non,,Plus ou moins probable,Les achats en ligne sont légèrement meilleurs,Oui,Oui,Augmenté,Non
2023/01/29 7:17:59 pm GMT,Homme,36,Agadir,Souss-Massa,Employé(e),Bonne,Fréquemment,Vêtements et accessoires;Électronique,Carte bancaire,Non,,Les réseaux sociaux,Toujours,Très important,Je me sens très en sécurité,Non,,Très probable,Les achats en ligne sont légèrement meilleurs,Oui,Oui,Augmenté,Non
2023/01/30 12:46:50 pm GMT,Homme,30,Meknes,Fès-Meknès,Employé(e),Bonne,Fréquemment,Vêtements et accessoires;Électronique,Virement bancaire (application bancaire),Non,,Les réseaux sociaux,Toujours,Très important,Je me sens très en sécurité,Non,,Plus ou moins probable,Les achats en ligne sont légèrement meilleurs,Oui,Oui,Augmenté,Non
2023/02/20 11:36:23 pm GMT,Homme,23,Casablanca,Casablanca-Settat,Employé(e),Moyenne,Occasionnellement,Vêtements et accessoires;Électronique,Carte bancaire,Oui,Retard de livraison,Moteurs de recherche,Toujours,Très important,Je me sens plutôt en sécurité,Oui,De ne pas partager des informations personnelles sensibles,Plus ou moins probable,Les deux sont à peu près équivalents,Oui,Non,Pas de changement,Oui
2023/02/20 11:38:53 pm GMT,Femme,25,Tanger,Tanger-Tetouan-Al Hoceima,Employé(e),Bonne,Fréquemment,Vêtements et accessoires;Articles de maison et meubles;Produits de beauté et de soins personnels,Carte bancaire,Non,,Les réseaux sociaux,Parfois,Très important,Je me sens plutôt en sécurité,Oui,Ne pas partager des informations personnelles,Plus ou moins probable,Les achats en ligne sont légèrement meilleurs,Oui,Oui,Diminué,Oui
2023/02/20 11:41:03 pm GMT,Femme,19,Agadir,Souss-Massa,Etudiant(e),Moyenne,Rarement,Vêtements et accessoires;Électronique,Cash on Delivery (COD),Non,,Les réseaux sociaux,Rarement,Très important,Je me sens très en sécurité,Non,,Neutre,Les deux sont à peu près équivalents,Non,Oui,Pas de changement,Non
2023/02/20 11:48:16 pm GMT,Homme,29,Azrou,Fès-Meknès,Cadre,Bonne,Fréquemment,Vêtements et accessoires;Électronique;Livres et médias,Carte bancaire,Oui,La qualité n'est pas bonne comme décrite,Moteurs de recherche,Toujours,Assez important,Je me sens plutôt en sécurité,Oui,Faites vos achats sur des sites web de confiance,Très probable,Les achats en ligne sont légèrement meilleurs,Oui,Oui,Pas de changement,Oui
2023/02/21 7:57:47 am GMT,Homme,23,Oujda ,Oriental,Etudiant(e),Faible,Rarement,Électronique,Cash on Delivery (COD),Non,,Les réseaux sociaux,Rarement,Pas très important,Je ne me sens pas en sécurité,Non,,Assez peu probable,Les achats en ligne sont légèrement meilleurs,Oui,Oui,Augmenté,Non
2023/02/21 9:21:12 am GMT,Femme,29,Tétouan,Tanger-Tetouan-Al Hoceima,Employé(e),Bonne,Occasionnellement,Vêtements et accessoires;Électronique;Produits de beauté et de soins personnels;Produits alimentaires et d'épicerie,Carte bancaire,Non,,Les réseaux sociaux,Toujours,Très important,Je ne me sens pas en sécurité,Non,,Très probable,Les achats en ligne sont bien meilleurs,Non,Non,Pas de changement,Non
2023/02/21 12:47:15 pm GMT,Femme,20,Salé ,Rabat-Salé-Kénitra,Etudiant(e),Faible,Jamais,Vêtements et accessoires,Cash on Delivery (COD),Non,,Les réseaux sociaux,Jamais,Assez important,Je me sens plutôt en sécurité,Non,,Neutre,Les deux sont à peu près équivalents,Non,Oui,Pas de changement,Oui
2023/02/21 2:35:25 pm GMT,Homme,23,Meknes,Fès-Meknès,Etudiant(e),Moyenne,Occasionnellement,Électronique,Cash on Delivery (COD),Non,,Les réseaux sociaux,Toujours,Très important,Je me sens plutôt en sécurité,Non,,Plus ou moins probable,Les achats en ligne sont légèrement meilleurs,Oui,Oui,Augmenté,Non
2023/02/21 2:42:14 pm GMT,Femme,40,Azrou,Fès-Meknès,Cadre,Bonne,Très souvent,Vêtements et accessoires;Électronique;Produits de beauté et de soins personnels,Carte bancaire,Non,,Les réseaux sociaux,Toujours,Très important,Je me sens très en sécurité,Non,,Très probable,Les achats en ligne sont bien meilleurs,Oui,Oui,Augmenté,Non
2023/02/21 2:43:42 pm GMT,Homme,28,Arfoud,Drâa-Tafilalet,Employé(e),Moyenne,Fréquemment,Vêtements et accessoires;Électronique;Articles de maison et meubles;Produits de beauté et de soins personnels,PayPal,Non,,Les réseaux sociaux,Parfois,Assez important,Je me sens plutôt en sécurité,Oui,,Très probable,Les achats en ligne sont légèrement meilleurs,Oui,Oui,Diminué,Non
2023/02/21 2:46:30 pm GMT,Homme,34,Marrakech,Marrakesh-Safi,Employé(e),Bonne,Fréquemment,Électronique,Carte bancaire,Non,,Les réseaux sociaux,Toujours,Très important,Je me sens très en sécurité,Non,,Plus ou moins probable,Les achats en ligne sont légèrement meilleurs,Oui,Oui,Augmenté,Non
2023/02/21 2:46:34 pm GMT,Femme,23,tanger,Tanger-Tetouan-Al Hoceima,Employé(e),Très bonne,Très souvent,Vêtements et accessoires;Livres et médias;Produits de beauté et de soins personnels,Virement bancaire (application bancaire),Non,,Publicité en ligne,Rarement,Pas très important,Je ne me sens pas en sécurité,Non,,Plus ou moins probable,Les achats en ligne sont légèrement meilleurs,Oui,Oui,Pas de changement,Non
2023/02/21 2:49:33 pm GMT,Femme,14,Tinghir,Drâa-Tafilalet,Etudiant(e),Moyenne,Rarement,Électronique,Virement bancaire (application bancaire),Non,,Les réseaux sociaux,Toujours,Très important,Je me sens plutôt en sécurité,Non,,Plus ou moins probable,Les achats en ligne sont légèrement meilleurs,Oui,Oui,Augmenté,Non
2023/02/21 2:49:46 pm GMT,Femme,25,tetouan,Tanger-Tetouan-Al Hoceima,Employé(e),Bonne,Fréquemment,Vêtements et accessoires;Articles de maison et meubles;Produits alimentaires et d'épicerie,Virement bancaire (application bancaire),Oui,,Les réseaux sociaux,Jamais,Pas très important,Je ne me sens pas en sécurité,Non,,Neutre,Les achats en ligne sont bien meilleurs,Oui,Oui,Augmenté,Oui
2023/02/21 3:01:58 pm GMT,Femme,26,martil,Tanger-Tetouan-Al Hoceima,Employé(e),Bonne,Occasionnellement,Vêtements et accessoires;Produits de beauté et de soins personnels;Produits alimentaires et d'épicerie,PayPal,Oui,,Moteurs de recherche,Parfois,Pas très important,Je me sens plutôt en sécurité,Oui,,Assez peu probable,Les achats en ligne sont légèrement meilleurs,Oui,Oui,Augmenté,Oui
2023/02/21 3:04:10 pm GMT,Homme,47,casablanca,Casablanca-Settat,Employé(e),Moyenne,Occasionnellement,Vêtements et accessoires;Articles de maison et meubles;Produits de beauté et de soins personnels,Virement bancaire (application bancaire),Oui,,Moteurs de recherche,Rarement,Assez important,Je me sens plutôt en sécurité,Oui,,Neutre,Les deux sont à peu près équivalents,Oui,Oui,Diminué,Oui
2023/02/21 3:05:43 pm GMT,Femme,38,casablanca,Casablanca-Settat,Etudiant(e),Faible,Rarement,Vêtements et accessoires;Articles de maison et meubles;Livres et médias,PayPal,Oui,,Publicité en ligne,Parfois,Très important,Je me sens très en sécurité,Oui,,Plus ou moins probable,Les achats en ligne sont bien meilleurs,Oui,Non,Augmenté,Non
2023/02/21 3:07:13 pm GMT,Femme,30,casablanca,Casablanca-Settat,Demandeur d'emplois,Très faible,Jamais,Vêtements et accessoires,Carte bancaire,Oui,,Les réseaux sociaux,Toujours,Très important,Je me sens très en sécurité,Non,,Très peu probable,Les achats en ligne sont bien meilleurs,Oui,Non,Diminué,Non
2023/02/21 3:08:33 pm GMT,Homme,31,casablanca,Casablanca-Settat,Cadre,Très bonne,Occasionnellement,Vêtements et accessoires;Électronique;Articles de maison et meubles;Produits alimentaires et d'épicerie,Virement bancaire (application bancaire),Oui,,Les réseaux sociaux,Toujours,Très important,Je ne me sens pas en sécurité,Oui,,Très probable,Les achats en ligne sont bien meilleurs,Oui,Oui,Diminué,Oui
2023/02/21 3:09:51 pm GMT,Femme,35,casablanca,Casablanca-Settat,Employé(e),Bonne,Très souvent,Vêtements et accessoires;Articles de maison et meubles;Livres et médias,PayPal,Non,,Moteurs de recherche,Toujours,Très important,Je me sens plutôt en sécurité,Oui,,Assez peu probable,Les achats en ligne sont bien meilleurs,Oui,Oui,Diminué,Oui
2023/02/21 3:11:08 pm GMT,Femme,24,casablanca,Casablanca-Settat,Demandeur d'emplois,Moyenne,Fréquemment,Vêtements et accessoires;Électronique;Produits de beauté et de soins personnels,PayPal,Non,,Les réseaux sociaux,Toujours,Assez important,Je me sens très en sécurité,Oui,,Plus ou moins probable,Les achats en ligne sont légèrement meilleurs,Non,Oui,Augmenté,Oui
2023/02/21 3:12:46 pm GMT,Femme,26,casablanca,Fès-Meknès,Employé(e),Moyenne,Fréquemment,Vêtements et accessoires;Livres et médias;Produits alimentaires et d'épicerie,Virement bancaire (application bancaire),Non,,Les réseaux sociaux,Toujours,Pas très important,Je me sens plutôt en sécurité,Oui,,Plus ou moins probable,Les achats en ligne sont bien meilleurs,Oui,Non,Pas de changement,Non
2023/02/21 3:14:12 pm GMT,Homme,21,casablanca,Casablanca-Settat,Employé(e),Bonne,Fréquemment,Vêtements et accessoires;Livres et médias;Produits de beauté et de soins personnels;Produits alimentaires et d'épicerie,Virement bancaire (application bancaire),Oui,,Les réseaux sociaux,Parfois,Assez important,Je me sens très en sécurité,Non,,Assez peu probable,Les achats dans les magasins traditionnels sont légèrement meilleurs,Oui,Oui,Pas de changement,Oui
2023/02/21 3:16:19 pm GMT,Femme,29,casablanca,Marrakesh-Safi,Employé(e),Très bonne,Rarement,Électronique;Articles de maison et meubles,Virement bancaire (application bancaire),Non,,Les réseaux sociaux,Toujours,Assez important,Je me sens très en sécurité,Non,,Très probable,Les achats en ligne sont bien meilleurs,Oui,Oui,Pas de changement,Oui
2023/02/21 3:18:02 pm GMT,Femme,33,fes,Fès-Meknès,Demandeur d'emplois,Faible,Occasionnellement,Vêtements et accessoires,Virement bancaire (application bancaire),Non,,Publicité en ligne,Toujours,Assez important,Je me sens plutôt en sécurité,Oui,,Neutre,Les achats en ligne sont légèrement meilleurs,Non,Oui,Diminué,Oui
2023/02/21 3:19:29 pm GMT,Homme,18,fes,Fès-Meknès,Etudiant(e),Bonne,Rarement,Vêtements et accessoires;Articles de maison et meubles,Virement bancaire (application bancaire),Non,,Publicité en ligne,Parfois,Pas très important,Je me sens plutôt en sécurité,Non,,Très probable,Les achats en ligne sont bien meilleurs,Non,Non,Diminué,Oui
2023/02/21 3:21:03 pm GMT,Homme,27,fes,Fès-Meknès,Employé(e),Moyenne,Très souvent,Vêtements et accessoires;Électronique;Articles de maison et meubles,Virement bancaire (application bancaire),Non,,Moteurs de recherche,Jamais,Pas très important,Je ne me sens pas en sécurité,Non,,Très peu probable,Les achats dans les magasins traditionnels sont légèrement meilleurs,Non,Non,Pas de changement,Non
2023/02/21 3:22:46 pm GMT,Homme,44,fes,Fès-Meknès,Cadre,Très bonne,Occasionnellement,Vêtements et accessoires;Articles de maison et meubles;Livres et médias,Virement bancaire (application bancaire),Non,,Publicité en ligne,Toujours,Pas très important,Je me sens plutôt en sécurité,Oui,,Plus ou moins probable,Les achats en ligne sont légèrement meilleurs,Oui,Non,Diminué,Non
2023/02/21 3:24:13 pm GMT,Homme,34,Khénifra,Béni Mellal-Khénifra,Employé(e),Moyenne,Occasionnellement,Vêtements et accessoires;Électronique,Virement bancaire (application bancaire),Oui,,Les réseaux sociaux,Toujours,Très important,Je me sens très en sécurité,Oui,,Très probable,Les achats en ligne sont légèrement meilleurs,Oui,Oui,Augmenté,Oui
2023/02/21 3:24:42 pm GMT,Homme,29,fes,Fès-Meknès,Employé(e),Bonne,Fréquemment,Vêtements et accessoires;Électronique;Livres et médias,Cash on Delivery (COD),Non,,Les réseaux sociaux,Toujours,Pas du tout important,Je me sens très en sécurité,Non,,Neutre,Les achats en ligne sont bien meilleurs,Oui,Non,Diminué,Oui
2023/02/21 3:26:25 pm GMT,Femme,26,fes,Fès-Meknès,Employé(e),Moyenne,Très souvent,Électronique,Virement bancaire (application bancaire),Non,,Moteurs de recherche,Toujours,Assez important,Je ne me sens pas en sécurité,Oui,,Assez peu probable,Les achats en ligne sont bien meilleurs,Oui,Non,Diminué,Oui
2023/02/21 3:26:45 pm GMT,Homme,30,Azrou,Fès-Meknès,Cadre,Très bonne,Fréquemment,Vêtements et accessoires;Électronique;Articles de maison et meubles,Carte bancaire,Non,,Publicité en ligne,Toujours,Très important,Je me sens très en sécurité,Non,,Très probable,Les achats en ligne sont bien meilleurs,Oui,Oui,Pas de changement,Oui
2023/02/21 3:27:05 pm GMT,Femme,37,Ifran,Fès-Meknès,Cadre,Très bonne,Très souvent,Vêtements et accessoires;Électronique;Livres et médias;Produits de beauté et de soins personnels;Produits alimentaires et d'épicerie,Carte bancaire,Oui,,Les réseaux sociaux,Toujours,Très important,Je me sens très en sécurité,Oui,,Très probable,Les achats en ligne sont bien meilleurs,Oui,Oui,Augmenté,Oui
2023/02/21 3:28:20 pm GMT,Homme,35,fes,Fès-Meknès,Cadre,Très bonne,Fréquemment,Électronique;Articles de maison et meubles,Virement bancaire (application bancaire),Non,,Le bouche à oreille,Jamais,Pas du tout important,Je me sens très en sécurité,Non,,Plus ou moins probable,Les achats en ligne sont légèrement meilleurs,Oui,Non,Diminué,Non
2023/02/21 3:28:54 pm GMT,Homme,30,El Hajeb,Fès-Meknès,Employé(e),Bonne,Fréquemment,Vêtements et accessoires;Électronique;Livres et médias,Carte bancaire,Oui,,Les réseaux sociaux,Toujours,Très important,Je me sens très en sécurité,Oui,,Très probable,Les achats en ligne sont légèrement meilleurs,Oui,Oui,Augmenté,Oui
2023/02/21 3:29:59 pm GMT,Femme,28,casablanca,Casablanca-Settat,Employé(e),Bonne,Fréquemment,Vêtements et accessoires;Électronique;Articles de maison et meubles;Livres et médias,Virement bancaire (application bancaire),Non,,Moteurs de recherche,Toujours,Pas très important,Je me sens très en sécurité,Oui,,Très probable,Les deux sont à peu près équivalents,Oui,Oui,Diminué,Oui
2023/02/21 3:30:19 pm GMT,Femme,30,Meknes,Fès-Meknès,Cadre,Très bonne,Très souvent,Vêtements et accessoires;Produits de beauté et de soins personnels,Carte bancaire,Oui,,Moteurs de recherche,Toujours,Très important,Je me sens très en sécurité,Oui,,Très probable,Les achats en ligne sont bien meilleurs,Oui,Non,Augmenté,Oui
2023/02/21 3:30:31 pm GMT,Femme,28,Fès,Fès-Meknès,Employé(e),Bonne,Occasionnellement,Vêtements et accessoires;Produits alimentaires et d'épicerie,Virement bancaire (application bancaire),Oui,mauvaise qualité,Les réseaux sociaux,Parfois,Assez important,Je me sens plutôt en sécurité,Non,,Plus ou moins probable,Les achats en ligne sont légèrement meilleurs,Oui,Oui,Pas de changement,Non
2023/02/21 3:31:44 pm GMT,Homme,26,Fès,Fès-Meknès,Employé(e),Bonne,Très souvent,Vêtements et accessoires;Électronique,Carte bancaire,Oui,,Les réseaux sociaux,Toujours,Très important,Je me sens très en sécurité,Oui,,Plus ou moins probable,Les achats en ligne sont légèrement meilleurs,Oui,Oui,Augmenté,Non
2023/02/21 3:32:07 pm GMT,Homme,27,ouarzazate,Drâa-Tafilalet,Employé(e),Moyenne,Occasionnellement,Électronique;Livres et médias;Produits alimentaires et d'épicerie,Virement bancaire (application bancaire),Non,,Les réseaux sociaux,Jamais,Pas du tout important,Je me sens très en sécurité,Non,,Assez peu probable,Les deux sont à peu près équivalents,Oui,Non,Diminué,Oui
2023/02/21 3:33:56 pm GMT,Femme,25,Oujda,Oriental,Employé(e),Moyenne,Très souvent,Vêtements et accessoires;Électronique;Articles de maison et meubles,Virement bancaire (application bancaire),Non,,Les réseaux sociaux,Parfois,Très important,Je me sens très en sécurité,Oui,,Plus ou moins probable,Les achats en ligne sont bien meilleurs,Oui,Non,Diminué,Non
2023/02/21 3:33:59 pm GMT,Homme,35,Fès,Fès-Meknès,Cadre,Très bonne,Occasionnellement,Vêtements et accessoires;Électronique,Virement bancaire (application bancaire),Non,,Publicité en ligne,Parfois,Très important,Je me sens plutôt en sécurité,Non,,Plus ou moins probable,Les deux sont à peu près équivalents,Oui,Non,Pas de changement,Oui
2023/02/21 3:34:27 pm GMT,Homme,27,Tanger,Tanger-Tetouan-Al Hoceima,Employé(e),Bonne,Fréquemment,Vêtements et accessoires;Électronique,Carte bancaire,Oui,,Les réseaux sociaux,Toujours,Très important,Je me sens plutôt en sécurité,Oui,,Plus ou moins probable,Les achats en ligne sont légèrement meilleurs,Oui,Oui,Augmenté,Oui
2023/02/21 3:35:56 pm GMT,Femme,26,Oujda,Oriental,Demandeur d'emplois,Faible,Rarement,Vêtements et accessoires;Livres et médias,Virement bancaire (application bancaire),Oui,,Publicité en ligne,Parfois,Assez important,Je me sens très en sécurité,Non,,Plus ou moins probable,Les deux sont à peu près équivalents,Oui,Non,Diminué,Oui
2023/02/21 3:36:02 pm GMT,Femme,39,Tetouan,Tanger-Tetouan-Al Hoceima,Cadre,Bonne,Fréquemment,Vêtements et accessoires;Électronique;Livres et médias;Produits de beauté et de soins personnels,Carte bancaire,Oui,,Les réseaux sociaux,Toujours,Très important,Je me sens très en sécurité,Oui,,Très probable,Les achats en ligne sont légèrement meilleurs,Oui,Oui,Augmenté,Oui
2023/02/21 3:37:01 pm GMT,Homme,33,Ifrane,Fès-Meknès,Cadre,Très bonne,Fréquemment,Vêtements et accessoires;Électronique;Articles de maison et meubles;Livres et médias,Virement bancaire (application bancaire),Oui,retard de livraison,Moteurs de recherche,Toujours,Assez important,Je me sens plutôt en sécurité,Oui,Sites web de confiance,Très probable,Les achats en ligne sont légèrement meilleurs,Oui,Oui,Pas de changement,Oui
2023/02/21 3:37:31 pm GMT,Femme,29,Oujda,Oriental,Employé(e),Moyenne,Fréquemment,Articles de maison et meubles,Virement bancaire (application bancaire),Non,,Publicité en ligne,Toujours,Pas du tout important,Je me sens très en sécurité,Oui,,Plus ou moins probable,Les achats en ligne sont bien meilleurs,Oui,Non,Diminué,Non
2023/02/21 3:38:53 pm GMT,Femme,36,Al Hoceima ,Tanger-Tetouan-Al Hoceima,Cadre,Très bonne,Très souvent,Vêtements et accessoires;Électronique;Articles de maison et meubles,Carte bancaire,Oui,,Les réseaux sociaux,Toujours,Très important,Je me sens très en sécurité,Oui,,Très probable,Les achats en ligne sont légèrement meilleurs,Oui,Oui,Augmenté,Non
2023/02/21 3:39:26 pm GMT,Homme,22,marrakech,Marrakesh-Safi,Demandeur d'emplois,Faible,Rarement,Vêtements et accessoires,Virement bancaire (application bancaire),Non,,Les réseaux sociaux,Rarement,Très important,Je me sens très en sécurité,Non,,Plus ou moins probable,Les achats en ligne sont bien meilleurs,Oui,Non,Diminué,Non
2023/02/21 3:39:27 pm GMT,Homme,45,Sefrou,Fès-Meknès,Employé(e),Bonne,Rarement,Électronique,Virement bancaire (application bancaire),Non,,Publicité en ligne,Parfois,Assez important,Je me sens plutôt en sécurité,Non,,Neutre,Les deux sont à peu près équivalents,Non,Oui,Pas de changement,Non
2023/02/21 3:40:47 pm GMT,Homme,24,Elhajeb,Fès-Meknès,Employé(e),Bonne,Rarement,Vêtements et accessoires;Électronique,Virement bancaire (application bancaire),Non,,Publicité en ligne,Parfois,Assez important,Je me sens plutôt en sécurité,Non,,Neutre,Les deux sont à peu près équivalents,Oui,Non,Diminué,Non
2023/02/21 3:41:19 pm GMT,Femme,24,marrakech,Marrakesh-Safi,Demandeur d'emplois,Faible,Rarement,Électronique;Produits de beauté et de soins personnels,Virement bancaire (application bancaire),Non,,Publicité en ligne,Parfois,Très important,Je me sens très en sécurité,Non,,Très peu probable,Les achats dans les magasins traditionnels sont légèrement meilleurs,Oui,Non,Diminué,Oui
2023/02/21 3:44:58 pm GMT,Homme,37,Azrou,Fès-Meknès,Cadre,Bonne,Fréquemment,Vêtements et accessoires;Électronique,Carte bancaire,Oui,,Les réseaux sociaux,Toujours,Très important,Je me sens très en sécurité,Oui,,Très probable,Les achats en ligne sont bien meilleurs,Oui,Oui,Augmenté,Oui
2023/02/21 3:46:00 pm GMT,Homme,31,Ifrane,Fès-Meknès,Employé(e),Bonne,Occasionnellement,Vêtements et accessoires;Électronique,Virement bancaire (application bancaire),Non,,Publicité en ligne,Rarement,Assez important,Je me sens plutôt en sécurité,Non,,Neutre,Les deux sont à peu près équivalents,Non,Oui,Pas de changement,Non
2023/02/21 3:47:09 pm GMT,Femme,33,Meknès,Fès-Meknès,Employé(e),Bonne,Fréquemment,Vêtements et accessoires;Électronique;Produits de beauté et de soins personnels,Carte bancaire,Oui,,Les réseaux sociaux,Toujours,Très important,Je me sens très en sécurité,Oui,,Très probable,Les achats en ligne sont bien meilleurs,Oui,Oui,Augmenté,Non
2023/02/21 3:47:12 pm GMT,Homme,33,el jadida,Casablanca-Settat,Cadre,Très bonne,Occasionnellement,Vêtements et accessoires;Électronique;Articles de maison et meubles;Livres et médias,Virement bancaire (application bancaire),Non,,Les réseaux sociaux,Parfois,Très important,Je me sens très en sécurité,Oui,,Assez peu probable,Les achats en ligne sont bien meilleurs,Oui,Non,Diminué,Oui
2023/02/21 3:47:49 pm GMT,Femme,26,Fès,Fès-Meknès,Employé(e),Bonne,Rarement,Produits de beauté et de soins personnels,Carte bancaire,Non,,Les réseaux sociaux,Rarement,Pas très important,Je ne me sens pas en sécurité,Non,,Neutre,Les deux sont à peu près équivalents,Non,Oui,Diminué,Non
2023/02/21 3:49:22 pm GMT,Femme,27,el jadida,Casablanca-Settat,Employé(e),Bonne,Occasionnellement,Vêtements et accessoires;Électronique;Produits de beauté et de soins personnels,Virement bancaire (application bancaire),Non,,Publicité en ligne,Parfois,Assez important,Je me sens très en sécurité,Non,,Plus ou moins probable,Les achats dans les magasins traditionnels sont légèrement meilleurs,Non,Non,Diminué,Non
2023/02/21 3:49:48 pm GMT,Femme,32,Fes,Fès-Meknès,Employé(e),Bonne,Fréquemment,Vêtements et accessoires;Électronique;Produits de beauté et de soins personnels,Carte bancaire,Oui,,Les réseaux sociaux,Parfois,Assez important,Je me sens très en sécurité,Oui,,Plus ou moins probable,Les achats en ligne sont légèrement meilleurs,Oui,Oui,Augmenté,Oui
2023/02/21 3:50:04 pm GMT,Femme,27,Meknès,Fès-Meknès,Employé(e),Bonne,Rarement,Produits de beauté et de soins personnels,Carte bancaire,Oui,Mauvaise qualité,Les réseaux sociaux,Rarement,Assez important,Je me sens plutôt en sécurité,Non,,Plus ou moins probable,Les deux sont à peu près équivalents,Non,Oui,Diminué,Oui
2023/02/21 3:51:37 pm GMT,Homme,38,Tanger,Tanger-Tetouan-Al Hoceima,Cadre,Très bonne,Très souvent,Vêtements et accessoires;Électronique;Articles de maison et meubles;Livres et médias,Carte bancaire,Oui,,Moteurs de recherche,Parfois,Assez important,Je me sens très en sécurité,Oui,,Très probable,Les achats en ligne sont bien meilleurs,Oui,Non,Augmenté,Oui
2023/02/21 3:51:55 pm GMT,Femme,26,rabat,Rabat-Salé-Kénitra,Employé(e),Moyenne,Fréquemment,Vêtements et accessoires;Électronique;Produits de beauté et de soins personnels,Virement bancaire (application bancaire),Non,,Les réseaux sociaux,Jamais,Très important,Je ne me sens pas en sécurité,Non,,Neutre,Les deux sont à peu près équivalents,Non,Non,Diminué,Non
2023/02/21 3:52:39 pm GMT,Homme,41,Meknès,Fès-Meknès,Cadre,Bonne,Occasionnellement,Électronique,Virement bancaire (application bancaire),Oui,Mauvaise qualité,Publicité en ligne,Parfois,Assez important,Je me sens plutôt en sécurité,Non,,Plus ou moins probable,Les achats en ligne sont légèrement meilleurs,Oui,Oui,Pas de changement,Oui
2023/02/21 3:53:18 pm GMT,Femme,29,Meknès,Fès-Meknès,Employé(e),Bonne,Très souvent,Vêtements et accessoires;Électronique;Articles de maison et meubles,Carte bancaire,Oui,,Les réseaux sociaux,Toujours,Très important,Je me sens très en sécurité,Oui,,Très probable,Les achats en ligne sont légèrement meilleurs,Oui,Oui,Augmenté,Non
2023/02/21 3:53:57 pm GMT,Femme,28,Rabat,Rabat-Salé-Kénitra,Employé(e),Moyenne,Occasionnellement,Vêtements et accessoires;Électronique;Produits de beauté et de soins personnels;Produits alimentaires et d'épicerie,Virement bancaire (application bancaire),Non,,Publicité en ligne,Jamais,Très important,Je me sens plutôt en sécurité,Non,,Assez peu probable,Les achats en ligne sont légèrement meilleurs,Non,Non,Pas de changement,Oui
2023/02/21 3:54:22 pm GMT,Homme,28,Meknès,Fès-Meknès,Cadre,Très bonne,Fréquemment,Vêtements et accessoires;Électronique;Livres et médias,Virement bancaire (application bancaire),Non,,Moteurs de recherche,Toujours,Assez important,Je me sens très en sécurité,Non,,Très probable,Les achats en ligne sont bien meilleurs,Oui,Oui,Pas de changement,Oui
2023/02/21 3:54:37 pm GMT,Homme,33,Fès,Fès-Meknès,Cadre,Bonne,Fréquemment,Vêtements et accessoires;Électronique;Livres et médias,Carte bancaire,Oui,,Les réseaux sociaux,Parfois,Très important,Je me sens plutôt en sécurité,Oui,,Très probable,Les achats en ligne sont légèrement meilleurs,Oui,Oui,Augmenté,Oui
2023/02/21 3:57:09 pm GMT,Homme,43,Fès,Fès-Meknès,Cadre,Bonne,Occasionnellement,Vêtements et accessoires;Électronique;Livres et médias,Carte bancaire,Oui,,Les réseaux sociaux,Toujours,Très important,Je me sens très en sécurité,Oui,,Très probable,Les achats en ligne sont légèrement meilleurs,Oui,Oui,Augmenté,Oui
2023/02/21 3:57:16 pm GMT,Homme,31,Meknès,Fès-Meknès,Employé(e),Bonne,Rarement,Électronique,Cash on Delivery (COD),Non,,Le bouche à oreille,Parfois,Pas très important,Je me sens plutôt en sécurité,Non,,Plus ou moins probable,Les achats en ligne sont légèrement meilleurs,Oui,Oui,Pas de changement,Non
2023/02/21 3:57:27 pm GMT,Homme,27,taza,Fès-Meknès,Employé(e),Moyenne,Occasionnellement,Vêtements et accessoires;Électronique;Livres et médias,Virement bancaire (application bancaire),Non,,Les réseaux sociaux,Parfois,Très important,Je me sens très en sécurité,Non,,Assez peu probable,Les achats en ligne sont bien meilleurs,Non,Non,Diminué,Oui
2023/02/21 3:58:44 pm GMT,Homme,25,Azrou,Fès-Meknès,Employé(e),Bonne,Rarement,Vêtements et accessoires;Électronique;Articles de maison et meubles,Cash on Delivery (COD),Non,,Les réseaux sociaux,Parfois,Pas très important,Je me sens plutôt en sécurité,Non,,Très probable,Les achats en ligne sont légèrement meilleurs,Oui,Oui,Pas de changement,Non
2023/02/21 3:59:15 pm GMT,Femme,35,Meknès,Fès-Meknès,Employé(e),Bonne,Très souvent,Vêtements et accessoires;Électronique;Produits de beauté et de soins personnels,Carte bancaire,Oui,,Les réseaux sociaux,Parfois,Très important,Je me sens plutôt en sécurité,Oui,,Plus ou moins probable,Les achats en ligne sont bien meilleurs,Oui,Oui,Augmenté,Oui
2023/02/21 4:00:06 pm GMT,Homme,35,midelt,Drâa-Tafilalet,Employé(e),Moyenne,Fréquemment,Vêtements et accessoires;Articles de maison et meubles,Virement bancaire (application bancaire),Non,,Les réseaux sociaux,Parfois,Assez important,Je ne me sens pas en sécurité,Non,,Neutre,Les deux sont à peu près équivalents,Non,Non,Diminué,Non
2023/02/21 4:00:34 pm GMT,Homme,33,Meknès,Fès-Meknès,Employé(e),Bonne,Fréquemment,Vêtements et accessoires;Électronique,Carte bancaire,Oui,,Les réseaux sociaux,Toujours,Très important,Je me sens très en sécurité,Oui,,Très probable,Les achats en ligne sont légèrement meilleurs,Oui,Non,Augmenté,Oui
2023/02/21 4:00:51 pm GMT,Homme,30,Ifrane,Fès-Meknès,Employé(e),Bonne,Rarement,Électronique;Articles de maison et meubles,Cash on Delivery (COD),Non,,Les réseaux sociaux,Rarement,Pas très important,Je ne me sens pas en sécurité,Non,,Neutre,Les deux sont à peu près équivalents,Non,Oui,Pas de changement,Non
2023/02/21 4:02:32 pm GMT,Homme,34,Fès,Fès-Meknès,Employé(e),Bonne,Occasionnellement,Vêtements et accessoires;Électronique,Carte bancaire,Oui,,Les réseaux sociaux,Toujours,Très important,Je me sens plutôt en sécurité,Oui,,Très probable,Les achats en ligne sont bien meilleurs,Oui,Oui,Augmenté,Oui
2023/02/21 4:03:29 pm GMT,Femme,29,Taounate,Fès-Meknès,Employé(e),Bonne,Très souvent,Vêtements et accessoires;Produits de beauté et de soins personnels,Virement bancaire (application bancaire),Non,,Les réseaux sociaux,Rarement,Très important,Je me sens plutôt en sécurité,Non,,Très probable,Les achats en ligne sont bien meilleurs,Non,Non,Diminué,Non
2023/02/21 4:03:34 pm GMT,Homme,29,Elhajeb,Fès-Meknès,Cadre,Très bonne,Fréquemment,Vêtements et accessoires;Électronique;Articles de maison et meubles;Livres et médias,Virement bancaire (application bancaire),Non,,Les réseaux sociaux,Parfois,Pas très important,Je me sens plutôt en sécurité,Non,,Plus ou moins probable,Les deux sont à peu près équivalents,Oui,Non,Pas de changement,Oui
2023/02/21 4:06:18 pm GMT,Homme,24,El hajeb,Fès-Meknès,Employé(e),Bonne,Occasionnellement,Vêtements et accessoires;Électronique;Articles de maison et meubles,Virement bancaire (application bancaire),Non,,Les réseaux sociaux,Parfois,Très important,Je me sens très en sécurité,Non,,Plus ou moins probable,Les achats en ligne sont bien meilleurs,Non,Non,Diminué,Oui
2023/02/21 4:08:44 pm GMT,Homme,25,Sefrou,Fès-Meknès,Employé(e),Moyenne,Très souvent,Vêtements et accessoires;Articles de maison et meubles;Produits alimentaires et d'épicerie,Virement bancaire (application bancaire),Non,,Les réseaux sociaux,Toujours,Très important,Je ne me sens pas en sécurité,Non,,Très peu probable,Les achats en ligne sont bien meilleurs,Oui,Oui,Pas de changement,Oui
2023/02/21 4:10:48 pm GMT,Homme,26,Sefrou,Fès-Meknès,Employé(e),Bonne,Très souvent,Vêtements et accessoires;Électronique;Produits alimentaires et d'épicerie,Virement bancaire (application bancaire),Non,,Moteurs de recherche,Rarement,Très important,Je me sens plutôt en sécurité,Oui,,Neutre,Les achats en ligne sont bien meilleurs,Non,Oui,Pas de changement,Oui
2023/02/21 4:12:43 pm GMT,Homme,27,Boulemane,Fès-Meknès,Employé(e),Moyenne,Très souvent,Vêtements et accessoires;Électronique;Produits alimentaires et d'épicerie,PayPal,Non,,Les réseaux sociaux,Toujours,Très important,Je ne me sens pas en sécurité,Oui,,Assez peu probable,Les achats en ligne sont bien meilleurs,Oui,Non,Pas de changement,Oui
2023/02/21 4:14:59 pm GMT,Homme,28,al hoceima,Tanger-Tetouan-Al Hoceima,Employé(e),Bonne,Fréquemment,Vêtements et accessoires;Électronique;Articles de maison et meubles;Produits alimentaires et d'épicerie,Virement bancaire (application bancaire),Non,,Les réseaux sociaux,Parfois,Très important,Je me sens très en sécurité,Oui,,Plus ou moins probable,Les achats en ligne sont bien meilleurs,Oui,Non,Pas de changement,Oui
2023/02/21 4:17:13 pm GMT,Femme,24,Tanger,Tanger-Tetouan-Al Hoceima,Employé(e),Moyenne,Occasionnellement,Vêtements et accessoires;Électronique;Produits de beauté et de soins personnels,PayPal,Non,,Les réseaux sociaux,Rarement,Très important,Je me sens plutôt en sécurité,Non,,Assez peu probable,Les achats en ligne sont bien meilleurs,Oui,Oui,Pas de changement,Oui
2023/02/21 4:19:51 pm GMT,Homme,32,Tanger,Tanger-Tetouan-Al Hoceima,Cadre,Très bonne,Rarement,Vêtements et accessoires;Électronique;Produits de beauté et de soins personnels,Carte bancaire,Non,,Publicité en ligne,Jamais,Très important,Je me sens très en sécurité,Oui,,Plus ou moins probable,Les achats en ligne sont légèrement meilleurs,Oui,Non,Pas de changement,Non
2023/02/21 4:21:39 pm GMT,Homme,24,al hoceima,Tanger-Tetouan-Al Hoceima,Employé(e),Bonne,Occasionnellement,Vêtements et accessoires;Électronique;Produits de beauté et de soins personnels,Virement bancaire (application bancaire),Non,,Publicité en ligne,Toujours,Très important,Je me sens très en sécurité,Oui,,Très probable,Les achats en ligne sont bien meilleurs,Oui,Oui,Pas de changement,Oui
2023/02/21 4:21:56 pm GMT,Homme,33,Fès,Fès-Meknès,Employé(e),Bonne,Fréquemment,Vêtements et accessoires;Électronique,Carte bancaire,Oui,,Les réseaux sociaux,Toujours,Très important,Je me sens plutôt en sécurité,Oui,,Très probable,Les achats en ligne sont légèrement meilleurs,Oui,Oui,Augmenté,Oui
